{"cameraMode":{"drawMode":0,"name":"Shaded","section":"Shading Mode"},"sceneLighting":false,"audioPlay":false,"sceneViewState":{"showFog":true,"showMaterialUpdate":false,"showSkybox":true,"showFlares":true,"showImageEffects":true,"showParticleSystems":true},"in2DMode":false,"pivot":{"x":0.20443058013916017,"y":9.52005386352539,"z":0.6892719268798828},"rotation":{"x":-0.18710625171661378,"y":0.21379828453063966,"z":-0.041733503341674808,"w":-0.9578830599784851},"size":11.19718074798584,"orthographic":false}