{"cameraMode":{"drawMode":0,"name":"Shaded","section":"Shading Mode"},"sceneLighting":false,"audioPlay":false,"sceneViewState":{"showFog":true,"showMaterialUpdate":false,"showSkybox":true,"showFlares":true,"showImageEffects":true,"showParticleSystems":true},"in2DMode":false,"pivot":{"x":-72.1637954711914,"y":-33.40067672729492,"z":-70.96891021728516},"rotation":{"x":0.0951843336224556,"y":-0.17819131910800935,"z":0.017318127676844598,"w":0.9792282581329346},"size":29.29412269592285,"orthographic":false}