{"cameraMode":{"drawMode":0,"name":"Shaded","section":"Shading Mode"},"sceneLighting":true,"audioPlay":false,"sceneViewState":{"showFog":true,"showMaterialUpdate":false,"showSkybox":true,"showFlares":true,"showImageEffects":true,"showParticleSystems":true},"in2DMode":false,"pivot":{"x":1.559173583984375,"y":-63.3478889465332,"z":-197.1119384765625},"rotation":{"x":0.09536565840244293,"y":-0.5950368642807007,"z":0.07136969268321991,"w":0.794822633266449},"size":160.734130859375,"orthographic":false}