{"cameraMode":{"drawMode":0,"name":"Shaded","section":"Shading Mode"},"sceneLighting":false,"audioPlay":false,"sceneViewState":{"showFog":true,"showMaterialUpdate":false,"showSkybox":true,"showFlares":true,"showImageEffects":true,"showParticleSystems":true},"in2DMode":false,"pivot":{"x":-72.08635711669922,"y":-31.68170738220215,"z":-70.84923553466797},"rotation":{"x":0.10271633416414261,"y":0.00298240315169096,"z":-0.0003114105493295938,"w":0.9947061538696289},"size":36.49934387207031,"orthographic":false}