{"cameraMode":{"drawMode":0,"name":"Shaded","section":"Shading Mode"},"sceneLighting":true,"audioPlay":false,"sceneViewState":{"showFog":true,"showMaterialUpdate":false,"showSkybox":true,"showFlares":true,"showImageEffects":true,"showParticleSystems":true},"in2DMode":false,"pivot":{"x":130.98939514160157,"y":-24.993450164794923,"z":-104.9561538696289},"rotation":{"x":0.1677597463130951,"y":0.062053196132183078,"z":-0.01061880961060524,"w":0.9838156700134277},"size":88.9302749633789,"orthographic":false}