{"cameraMode":{"drawMode":0,"name":"Shaded","section":"Shading Mode"},"sceneLighting":true,"audioPlay":false,"sceneViewState":{"showFog":true,"showMaterialUpdate":false,"showSkybox":true,"showFlares":true,"showImageEffects":true,"showParticleSystems":true},"in2DMode":false,"pivot":{"x":-22.854835510253908,"y":-77.45369720458985,"z":-34.71752166748047},"rotation":{"x":0.3288842439651489,"y":-0.46019867062568667,"z":0.18852728605270387,"w":0.802813708782196},"size":148.12576293945313,"orthographic":false}